<?xml version='1.0' encoding='utf-8' ?>
<!DOCTYPE configuration PUBLIC './/mybatis.org//DTD config 3.0//EN'
	'http://mybatis.org/dtd/mybatis-3-config.dtd'>
<configuration>
	<properties resource='com/my/hr/config/jdbc.properties'/>
	
	<typeAliases> <!-- domain의 위치를 이용해 경로를 짧게 지정함 -->
		<package name='com.my.hr.domain'/>
	</typeAliases>
	
	<environments default='hr2'> <!-- connection 정보 -->
		<environment id='hr2'>
			<transactionManager type='jdbc'/>
			<dataSource type='pooled'>
				<property name='driver' value='${driver}'/>
				<property name='url' value='${url}'/>
				<property name='username' value='${username}'/>
				<property name='password' value='${password}'/>
			</dataSource>
		</environment>
	</environments>
	
	<mappers> <!-- map의 이름은 domain에서 받아와 어떤용도인지 표현 -->
		<mapper resource='com/my/hr/dao/map/laborerMap.xml'/>
	</mappers>
</configuration>	