<?xml version='1.0' encoding= 'utf-8' ?>
<!DOCTYPE mapper PUBLIC '-//mybatis.org//DTD Mapper 3.0//EN'
	'http://mybatis.org/dtd/mybatis-3-mapper.dtd'>
<mapper namespace='com.my.hr.dao.map.LaborerMap'>
	<select id='selectLaborers' resultMap='laborerMap'>
		select laborer_id, name, hire_date
		from laborers
		order by laborer_id
	</select>
	
	<select id='selectLaborer' resultMap='laborerMap'>
		select laborer_id, name, hire_date
		from laborers
		where laborer_id = #{laborerId}
	</select>
	
	<resultMap id='laborerMap' type='laborer'>
		<id property='laborerId' column='laborer_id'/>
		<result property='name' column='name'/>
		<result property='hireDate' column='hire_date'/>
	</resultMap>
	
	<insert id='insertLaborer'>
		insert into laborers(laborer_id, name, hire_date)
		values(laborer_id_seq.nextval, #{name}, #{hireDate})
	</insert>
	
	<update id='updateLaborer'>
		update laborers
		set name = #{name}, hire_date = #{hireDate}
		where laborer_id = #{laborerId}
	</update>
	
	<delete id='deleteLaborer'>
		delete laborers
		where laborer_id = #{laborerId}
	</delete>
</mapper>